{    "settings":    {      "project": "file:///C%3A/Users/savas/Documents/Pascal%20Hocalar/Ders1/Ders1.dpr",      "dllname": "dcc32270.dll",      "dccOptions": "-$O- -$W+ --no-config -Q -TX.exe -AGenerics.Collections=System.Generics.Collections;Generics.Defaults=System.Generics.Defaults;WinTypes=Winapi.Windows;WinProcs=Winapi.Windows;DbiTypes=BDE;DbiProcs=BDE;DbiErrs=BDE -DDEBUG -E.\\Win32\\Debug -I\"c:\\program files (x86)\\embarcadero\\studio\\21.0\\lib\\Win32\\debug\";\"c:\\program files (x86)\\embarcadero\\studio\\21.0\\lib\\Win32\\release\";\"C:\\Users\\savas\\Documents\\Embarcadero\\Studio\\21.0\\Imports\";\"c:\\program files (x86)\\embarcadero\\studio\\21.0\\Imports\";C:\\Users\\Public\\Documents\\Embarcadero\\Studio\\21.0\\Dcp;\"c:\\program files (x86)\\embarcadero\\studio\\21.0\\include\" -LEC:\\Users\\Public\\Documents\\Embarcadero\\Studio\\21.0\\Bpl -LNC:\\Users\\Public\\Documents\\Embarcadero\\Studio\\21.0\\Dcp -NU.\\Win32\\Debug -NSWinapi;System.Win;Data.Win;Datasnap.Win;Web.Win;Soap.Win;Xml.Win;Bde;System;Xml;Data;Datasnap;Web;Soap; -O\"c:\\program files (x86)\\embarcadero\\studio\\21.0\\lib\\Win32\\release\";\"C:\\Users\\savas\\Documents\\Embarcadero\\Studio\\21.0\\Imports\";\"c:\\program files (x86)\\embarcadero\\studio\\21.0\\Imports\";C:\\Users\\Public\\Documents\\Embarcadero\\Studio\\21.0\\Dcp;\"c:\\program files (x86)\\embarcadero\\studio\\21.0\\include\" -R\"c:\\program files (x86)\\embarcadero\\studio\\21.0\\lib\\Win32\\release\";\"C:\\Users\\savas\\Documents\\Embarcadero\\Studio\\21.0\\Imports\";\"c:\\program files (x86)\\embarcadero\\studio\\21.0\\Imports\";C:\\Users\\Public\\Documents\\Embarcadero\\Studio\\21.0\\Dcp;\"c:\\program files (x86)\\embarcadero\\studio\\21.0\\include\" -U\"c:\\program files (x86)\\embarcadero\\studio\\21.0\\lib\\Win32\\debug\";\"c:\\program files (x86)\\embarcadero\\studio\\21.0\\lib\\Win32\\release\";\"C:\\Users\\savas\\Documents\\Embarcadero\\Studio\\21.0\\Imports\";\"c:\\program files (x86)\\embarcadero\\studio\\21.0\\Imports\";C:\\Users\\Public\\Documents\\Embarcadero\\Studio\\21.0\\Dcp;\"c:\\program files (x86)\\embarcadero\\studio\\21.0\\include\" -V -VN -NBC:\\Users\\Public\\Documents\\Embarcadero\\Studio\\21.0\\Dcp -NHC:\\Users\\Public\\Documents\\Embarcadero\\Studio\\21.0\\hpp\\Win32 -NO.\\Win32\\Debug -LU"      ,      "projectFiles":[          {             "name": "UDers1",             "file": "file:///C%3A/Users/savas/Documents/Pascal%20Hocalar/Ders1/UDers1.pas"           }       ]      ,      "includeDCUsInUsesCompletion": true,      "browsingPaths": [         "file:///c%3A/program%20files%20%28x86%29/embarcadero/studio/21.0/OCX/Servers","file:///c%3A/program%20files%20%28x86%29/embarcadero/studio/21.0/SOURCE/VCL","file:///c%3A/program%20files%20%28x86%29/embarcadero/studio/21.0/SOURCE/VCL/AppAnalytics","file:///c%3A/program%20files%20%28x86%29/embarcadero/studio/21.0/source/rtl/common","file:///c%3A/program%20files%20%28x86%29/embarcadero/studio/21.0/SOURCE/RTL/SYS","file:///c%3A/program%20files%20%28x86%29/embarcadero/studio/21.0/source/rtl/win","file:///c%3A/program%20files%20%28x86%29/embarcadero/studio/21.0/source/rtl/win/winrt","file:///c%3A/program%20files%20%28x86%29/embarcadero/studio/21.0/source/ToolsAPI","file:///c%3A/program%20files%20%28x86%29/embarcadero/studio/21.0/SOURCE/IBX","file:///c%3A/program%20files%20%28x86%29/embarcadero/studio/21.0/source/Internet","file:///c%3A/program%20files%20%28x86%29/embarcadero/studio/21.0/SOURCE/PROPERTY%20EDITORS","file:///c%3A/program%20files%20%28x86%29/embarcadero/studio/21.0/source/soap","file:///c%3A/program%20files%20%28x86%29/embarcadero/studio/21.0/SOURCE/XML","file:///c%3A/program%20files%20%28x86%29/embarcadero/studio/21.0/source/Indy10/Core","file:///c%3A/program%20files%20%28x86%29/embarcadero/studio/21.0/source/Indy10/System","file:///c%3A/program%20files%20%28x86%29/embarcadero/studio/21.0/source/Indy10/Protocols","file:///c%3A/program%20files%20%28x86%29/embarcadero/studio/21.0/source/fmx","file:///c%3A/program%20files%20%28x86%29/embarcadero/studio/21.0/source/databinding/components","file:///c%3A/program%20files%20%28x86%29/embarcadero/studio/21.0/source/databinding/engine","file:///c%3A/program%20files%20%28x86%29/embarcadero/studio/21.0/source/databinding/graph","file:///c%3A/program%20files%20%28x86%29/embarcadero/studio/21.0/source/data","file:///c%3A/program%20files%20%28x86%29/embarcadero/studio/21.0/source/data/ado","file:///c%3A/program%20files%20%28x86%29/embarcadero/studio/21.0/source/data/bde","file:///c%3A/program%20files%20%28x86%29/embarcadero/studio/21.0/source/data/cloud","file:///c%3A/program%20files%20%28x86%29/embarcadero/studio/21.0/source/data/datasnap","file:///c%3A/program%20files%20%28x86%29/embarcadero/studio/21.0/source/data/dbx","file:///c%3A/program%20files%20%28x86%29/embarcadero/studio/21.0/source/data/dsnap","file:///c%3A/program%20files%20%28x86%29/embarcadero/studio/21.0/source/data/Test","file:///c%3A/program%20files%20%28x86%29/embarcadero/studio/21.0/source/data/vclctrls","file:///c%3A/program%20files%20%28x86%29/embarcadero/studio/21.0/source/data/datasnap/connectors","file:///c%3A/program%20files%20%28x86%29/embarcadero/studio/21.0/source/data/datasnap/proxygen","file:///c%3A/program%20files%20%28x86%29/embarcadero/studio/21.0/source/DataExplorer","file:///c%3A/program%20files%20%28x86%29/embarcadero/studio/21.0/source/DUnit/Contrib/DUnitWizard/Source/Common","file:///c%3A/program%20files%20%28x86%29/embarcadero/studio/21.0/source/DUnit/Contrib/DUnitWizard/Source/Common/dunit","file:///c%3A/program%20files%20%28x86%29/embarcadero/studio/21.0/source/DUnit/Contrib/DUnitWizard/Source/DelphiExperts/Common","file:///c%3A/program%20files%20%28x86%29/embarcadero/studio/21.0/source/DUnit/Contrib/DUnitWizard/Source/DelphiExperts/DUnitProject","file:///c%3A/program%20files%20%28x86%29/embarcadero/studio/21.0/source/DUnit/Contrib/DUnitWizard/Source/DelphiExperts/DUnitProject/dunit","file:///c%3A/program%20files%20%28x86%29/embarcadero/studio/21.0/source/DUnit/src","file:///c%3A/program%20files%20%28x86%29/embarcadero/studio/21.0/source/DUnit/tests","file:///c%3A/program%20files%20%28x86%29/embarcadero/studio/21.0/source/Experts","file:///c%3A/program%20files%20%28x86%29/embarcadero/studio/21.0/source/indy/abstraction","file:///c%3A/program%20files%20%28x86%29/embarcadero/studio/21.0/source/indy/implementation","file:///c%3A/program%20files%20%28x86%29/embarcadero/studio/21.0/source/indyimpl","file:///c%3A/program%20files%20%28x86%29/embarcadero/studio/21.0/source/LiveTile","file:///c%3A/program%20files%20%28x86%29/embarcadero/studio/21.0/source/Property%20Editors/Indy10","file:///c%3A/program%20files%20%28x86%29/embarcadero/studio/21.0/source/soap/wsdlimporter","file:///c%3A/program%20files%20%28x86%29/embarcadero/studio/21.0/source/Visualizers","file:///c%3A/program%20files%20%28x86%29/embarcadero/studio/21.0/source/xtab","file:///c%3A/program%20files%20%28x86%29/embarcadero/studio/21.0/source/DUnit/Contrib/XMLReporting","file:///c%3A/program%20files%20%28x86%29/embarcadero/studio/21.0/source/DUnit/Contrib/XPGen","file:///c%3A/program%20files%20%28x86%29/embarcadero/studio/21.0/source/data/rest","file:///c%3A/program%20files%20%28x86%29/embarcadero/studio/21.0/source/data/firedac","file:///c%3A/program%20files%20%28x86%29/embarcadero/studio/21.0/source/tethering","file:///c%3A/program%20files%20%28x86%29/embarcadero/studio/21.0/source/DUnitX","file:///c%3A/program%20files%20%28x86%29/embarcadero/studio/21.0/source/data/ems","file:///c%3A/program%20files%20%28x86%29/embarcadero/studio/21.0/source/rtl/net","file:///c%3A/program%20files%20%28x86%29/embarcadero/studio/21.0/source/FlatBox2D"      ]    }  }